time,reward
0.0,0.0
2.5,2.5700459532078406
17.5,8.187587739394838
30.0,9.656875955548365
32.0,9.795628344964083
54.5,9.816883613003078
