time,reward
0.0,0.0
3.250923991203308,2.4533637798376704
23.250465989112854,4.3887511877180945
25.254889488220215,4.632249287917494
38.750872015953064,8.288978229697662
60.253443479537964,8.302134170098133
