time,reward
0.0,0.0
17.750519037246704,5.589182319220469
32.250131487846375,6.929522196496232
55.25217843055725,7.027782166449823
76.75106501579285,7.031106519789015
101.25314497947693,7.031537476479954
