time,reward
0.0,0.0
6.250978946685791,1.1875952907402978
11.757104516029358,2.636976481259353
33.256534457206726,2.761927162423915
48.25552153587341,5.779791365410391
62.75417399406433,6.165639031643772
