time,reward
0.0,0.0
3.250391960144043,2.4534445450110804
8.249809980392456,3.458723179118853
27.254489541053772,8.071486362163512
41.75399053096771,8.980819957809581
44.253583550453186,9.030767208472014
