time,reward
0.0,0.0
22.750877022743225,0.300034578179117
23.255288004875183,2.2350410535714462
48.24973499774933,2.2708343965052897
67.2548599243164,4.326729426723272
86.75647795200348,4.340718484955633
