time,reward
0.0,0.0
3.2516629695892334,2.4532516033592393
19.75069546699524,7.821083169828023
34.24928295612335,9.056383189241917
36.75151002407074,9.149746870949034
61.253124475479126,9.161850658062688
