time,reward
0.0,0.0
2.5,0.7684334714209162
8.5,7.506132858864773
24.0,9.383199092500284
25.5,11.148775215053181
39.0,12.166307254403806
