time,reward
0.0,0.0
18.249331951141357,2.3737329099681315
39.752222418785095,5.957229507366074
63.25745141506195,6.3352308911380355
86.25763440132141,6.335343888188695
102.2563784122467,6.412272961552387
