time,reward
0.0,0.0
3.2521300315856934,0.7098893990165351
24.249562978744507,2.567929801676147
39.25018501281738,3.575122621548059
39.75563097000122,4.561746648520213
61.751789927482605,6.859399731896287
