time,reward
0.0,0.0
6.753248929977417,6.979711824998404
30.258411526679993,8.433582168568854
45.256791949272156,9.221757587908767
46.25627243518829,9.978422037342723
65.25954449176788,9.979454530088281
