time,reward
0.0,0.0
3.251212000846863,0.7099580658159045
8.749004006385803,7.413848196464059
27.252710938453674,9.057512195903325
29.25368344783783,10.572252801735038
44.253788471221924,11.393369532826915
