time,reward
0.0,0.0
3.2600735425949097,0.7092955181204298
20.259944558143616,2.8959802301379822
20.7628755569458,5.038228605577509
35.259814500808716,6.2236068984058015
60.76244401931763,8.56764627218346
