time,reward
0.0,0.0
3.252478003501892,0.7098633731731601
8.754077553749084,7.413066394370678
27.258849024772644,9.05631859428101
29.25904357433319,10.570727794382526
44.25987100601196,11.391640666513458
