time,reward
0.0,0.0
3.5,2.41584319601537
19.0,2.8260460854997107
23.5,4.741818787922559
37.0,8.530209713055376
41.0,8.595723230401168
