time,reward
0.0,0.0
21.25271248817444,2.099837161754736
21.755589485168457,2.4258335834303306
37.76212656497955,2.511652168272827
41.26168704032898,5.9875185102092425
67.26178503036499,6.034254637258979
