time,reward
0.0,0.0
4.251336574554443,2.3061030803405944
22.250312089920044,2.6189254868248213
27.253144025802612,4.2625604273807305
42.757145047187805,7.63498335132198
47.257800579071045,7.67386300267671
