time,reward
0.0,0.0
25.250497937202454,4.803347747627933
29.751254439353943,4.970715750230894
47.25451040267944,5.697165873134162
48.75870943069458,5.731471960663682
67.75941848754883,5.776790952616265
