time,reward
0.0,0.0
5.250284433364868,2.167878023386173
23.25010097026825,2.455679703622867
28.24991548061371,4.033777219245453
43.75565195083618,7.33885137940654
48.25603997707367,7.374625910033892
