time,reward
0.0,0.0
25.250767946243286,4.803321545852323
43.25292992591858,5.658681451801095
62.75808894634247,5.720437102308822
80.75702250003815,5.722817462912512
96.25836503505707,5.723471053006961
