time,reward
0.0,0.0
17.25015950202942,0.4746398974100032
32.250723481178284,4.644529721630129
36.75161039829254,4.73789262194587
59.25088346004486,4.814615138582013
81.25329399108887,4.995936633260914
