time,reward
0.0,0.0
4.5,4.160931373576354
8.5,7.695004122119505
11.5,7.992710993381364
15.0,8.198602125476013
40.0,8.213383008417447
