time,reward
0.0,0.0
5.253788948059082,4.034844522598531
10.259408950805664,7.3239919035446075
13.265975952148438,7.571154205051575
17.772528529167175,7.724889538296226
46.780158042907715,7.732124851903688
