time,reward
0.0,0.0
6.25207257270813,0.5175125048409555
10.257817506790161,0.8568470015807825
17.766650557518005,3.277815826021941
45.77368402481079,3.285860548845294
72.77946555614471,3.5421199577091924
