time,reward
0.0,0.0
4.750851988792419,4.118539699162016
8.752548575401306,4.516193686161885
13.259238481521606,4.763531501423501
20.76574409008026,6.905529035884958
48.77170550823212,6.911394861471238
