time,reward
0.0,0.0
5.254589915275574,4.034712597123922
10.261168479919434,7.323623735360949
13.264769434928894,7.570817457957908
16.77016043663025,7.741677119653875
45.77877497673035,7.749717528563071
