time,reward
0.0,0.0
5.250372052192688,4.035407360139477
10.252864003181458,7.325433645706143
13.256108045578003,7.572853052455424
16.76401698589325,7.743823343504203
45.772035002708435,7.75186946415376
