time,reward
0.0,0.0
5.751886010169983,0.5455168003890348
13.259788036346436,3.455498865215755
18.266088485717773,5.827608613619795
21.77368950843811,5.928462028478726
50.77984344959259,5.9332092750848515
