reward,time
0.0,0.0
0.44587270596123985,18.0
0.5013233470427189,43.0
0.5083929975328699,47.0
