reward,time
15.0,0.5725948081404103
39.0,0.6499973569894093
43.0,0.6607726206537151
