reward,time
0.0,0.0
0.4102028894843407,19.0
0.4612174792793014,44.0
0.46758016472043734,48.0
