time,reward
0.0,0.0
6.0,7.086739046911999
24.5,11.963470505581316
39.0,12.981002544931942
66.0,13.318967279039413
81.5,13.319153815838144
