time,reward
0.0,0.0
7.753845453262329,6.840035156102365
29.25956952571869,11.269678281961077
45.76643645763397,12.041625342414394
75.26552903652191,12.273154120578269
90.76736998558044,12.273224381351453
