time,reward
0.0,0.0
6.25234854221344,0.5174974577163625
11.256401062011719,6.890251778479127
26.262025475502014,8.601750877193627
50.7635555267334,11.47051204282031
67.2675449848175,11.791433958002626
