time,reward
0.0,0.0
20.2530300617218,5.313631517231532
42.26016545295715,8.720085245735286
57.26521396636963,9.20284201363419
87.7664555311203,9.341830545430247
114.76697099208832,9.341836150117818
