time,reward
0.0,0.0
16.751251935958862,2.5234282601828606
47.25171196460724,3.2499613759075285
74.25235092639923,3.250361688040627
95.758833527565,4.406232321083432
117.76635301113129,5.147230123006762
