time,reward
0.0,0.0
6.251891016960144,0.5175224043325812
11.257920980453491,6.890081043326747
26.26365351676941,8.6014663997762
50.76420497894287,11.470189925515543
67.26970040798187,11.791083604446786
