time,reward
0.0,0.0
1.5,7.761204030303546
4.0,15.140149310303546
19.5,17.39573353545523
22.5,17.489157106186003
36.5,17.510529422566094
