time,reward
0.0,0.0
22.75000500679016,0.09099485989476294
44.2493634223938,3.3632670516527945
64.75198745727539,3.3643562614652205
83.25623643398285,4.852367017117743
100.25513398647308,4.935844644565042
