time,reward
0.0,0.0
2.2517824172973633,7.644217201096155
19.250340461730957,9.922906980412076
22.25553596019745,10.018768105838372
40.759779930114746,13.530058618835643
64.26108300685883,13.531205647050472
