time,reward
0.0,0.0
22.7502920627594,0.09099210785462954
44.2499715089798,3.363224100011024
48.2500125169754,6.381424201212534
67.75230050086975,6.382218208977052
68.25936603546143,6.690406128474826
