time,reward
0.0,0.0
3.2496824264526367,7.491650687361404
7.250474452972412,14.401600179686687
24.24997591972351,16.259609261485018
39.75156342983246,16.27478214807132
55.75093448162079,16.277593900906385
