time,reward
0.0,0.0
3.2501540184020996,7.491579311492983
7.250605463981628,14.401510514746567
24.250200033187866,16.259502598146064
27.751217484474182,16.31322728934408
43.75622200965881,16.323177335249863
