time,reward
0.0,0.0
2.250022053718567,7.644489065713025
5.2497875690460205,14.839455102543361
23.250656962394714,16.77482742237604
26.752516508102417,16.83451335418535
42.758026003837585,16.845566859610564
