time,reward
0.0,0.0
6.0,2.069609343167999
24.0,2.3399664883903797
29.0,3.564373335184986
44.0,4.228107610240784
49.0,4.26173038378827
