time,reward
0.0,0.0
111.0,0.00019119601269411174
114.0,0.0027835634943946114
130.0,0.0037468206029888577
135.0,0.0037726662070737987
169.0,0.007808175716323541
184.0,0.007808610216770214
186.0,0.007808977977948279
190.0,0.0078089800013252065
208.0,0.007808980305023228
233.0,0.007808980326825648
