time,reward
0.0,0.0
5.0,2.201712067199999
23.0,2.4955785293982387
28.0,3.77100232814262
44.0,4.434736603198418
48.0,4.471283096184816
