time,reward
0.0,0.0
2.0,1.6928
6.0,3.7624093431679992
19.0,4.6882803255024506
23.0,4.982146787700691
52.0,5.460957776940333
65.0,5.469813800701876
67.0,5.477309539213645
71.0,5.477873460087041
87.0,5.4779779557633725
109.0,5.477988246193518
