time,reward
0.0,0.0
26.0,1.383923392734789
44.0,2.0476576677905873
63.0,2.1084958222992127
81.0,2.1108284423834616
97.0,2.11144283961228
