time,reward
0.0,0.0
22.0,1.6293977722530473
22.0,1.9488178398598297
38.0,2.032951045130481
42.0,2.7531488262240122
68.0,2.797798192533285
