time,reward
0.0,0.0
106.0,0.00029009463315829106
110.0,0.003610454460087167
125.0,0.004922965468603267
130.0,0.004962180047035771
164.0,0.009911462161985192
179.0,0.00991212141343039
181.0,0.009912679403853606
185.0,0.0099126828304602
203.0,0.009912683344775467
228.0,0.009912683381698057
